number of agents,random seed,average utility of best design,average utility of voted design,smax,smin,number of created designs,utility param,number of same designs
1,0,0.0003657225008792045,0.0003657225008792045,1.0,0.0,2,40,0
10,0,0.3326268889456051,0.3326268889456051,0.6575133821685462,0.3320519433403389,12,40,0
50,0,0.4280666776089094,0.4268658381218033,0.5636146907524485,0.42508351444595227,40,40,15
100,0,0.45822534589877173,0.4582003261391324,0.5377487479001453,0.45654464953525603,70,40,21
